user_id,item_id,event_type,timestamp
2,16,purchase,2025-05-11 23:41:19
2,12,purchase,2025-05-11 23:51:21
2,18,purchase,2025-05-11 23:51:54
2,54,purchase,2025-05-11 23:52:05
2,52,purchase,2025-05-11 23:53:28
2,55,purchase,2025-05-11 23:54:15
2,16,purchase,2025-05-12 19:47:06
2,12,purchase,2025-05-12 19:48:44
2,17,purchase,2025-05-12 19:57:17
2,18,purchase,2025-05-12 20:47:08
2,4,purchase,2025-05-12 20:47:08
2,16,purchase,2025-05-12 21:20:13
2,18,purchase,2025-05-12 22:12:02
2,64,purchase,2025-05-12 22:12:02
11,9,purchase,2025-05-23 09:06:48
11,9,purchase,2025-05-23 09:36:03
2,6,purchase,2026-05-23 13:47:31
2,11,purchase,2026-05-23 13:47:31
2,3,purchase,2026-05-23 13:47:31
2,7,purchase,2026-05-23 13:47:31
2,9,purchase,2026-05-23 13:49:10
2,10,purchase,2026-05-23 13:49:10
2,48,purchase,2026-05-23 13:49:10
2,9,purchase,2026-05-23 13:51:08
2,12,purchase,2026-05-23 13:51:08
2,74,purchase,2026-05-23 13:52:34
2,48,purchase,2026-05-23 13:53:38
2,11,purchase,2026-05-23 13:54:06
2,10,purchase,2026-05-23 13:54:56
2,9,purchase,2026-05-23 13:56:33
2,12,purchase,2026-05-23 13:56:33
2,13,purchase,2026-05-23 13:59:51
2,9,purchase,2026-05-23 13:59:51
13,45,purchase,2026-05-23 14:02:05
13,13,purchase,2026-05-23 14:03:32
13,46,purchase,2026-05-23 14:03:32
13,74,purchase,2026-05-23 14:04:36
13,12,purchase,2026-05-23 14:04:36
13,46,purchase,2026-05-23 14:19:05
13,48,purchase,2026-05-23 14:19:05
13,5,purchase,2026-05-23 14:22:43
13,64,purchase,2026-05-23 14:22:43
13,26,purchase,2026-05-23 14:28:28
13,27,purchase,2026-05-23 14:28:28
13,13,purchase,2026-05-23 14:28:28
13,19,purchase,2026-05-23 14:29:27
13,20,purchase,2026-05-23 14:29:27
13,18,purchase,2026-05-23 14:31:40
13,19,purchase,2026-05-23 14:32:08
13,42,purchase,2026-05-23 14:34:34
13,41,purchase,2026-05-23 14:34:34
14,61,purchase,2026-05-23 14:41:18
14,8,purchase,2026-05-23 14:41:18
13,27,purchase,2026-05-23 15:27:30
13,53,purchase,2026-05-23 15:27:30
13,18,purchase,2026-05-23 15:30:16
13,20,purchase,2026-05-23 15:30:16
13,27,purchase,2026-05-23 15:31:08
13,26,purchase,2026-05-23 15:31:08
13,63,purchase,2026-05-23 15:31:08
13,8,purchase,2026-05-23 15:31:08
13,15,purchase,2026-05-23 15:32:42
13,69,purchase,2026-05-23 15:32:42
15,4,purchase,2026-05-23 15:34:06
15,3,purchase,2026-05-23 15:34:06
15,66,purchase,2026-05-23 15:34:45
15,52,purchase,2026-05-23 15:35:20
15,51,purchase,2026-05-23 15:35:20
15,70,purchase,2026-05-23 15:35:46
15,68,purchase,2026-05-23 15:35:46
15,44,purchase,2026-05-23 15:36:22
15,43,purchase,2026-05-23 15:36:22
15,42,purchase,2026-05-23 15:36:22
15,5,purchase,2026-05-23 15:36:56
15,41,purchase,2026-05-23 15:36:56
15,62,purchase,2026-05-23 15:36:56
15,63,purchase,2026-05-23 15:36:56
15,20,purchase,2026-05-23 15:37:58
15,50,purchase,2026-05-23 15:37:58
15,54,purchase,2026-05-23 15:37:58
15,75,purchase,2026-05-23 15:37:58
15,76,purchase,2026-05-23 15:37:58
15,65,purchase,2026-05-23 15:38:34
15,74,purchase,2026-05-23 15:38:34
15,47,purchase,2026-05-23 15:38:34
15,75,purchase,2026-05-23 15:39:08
15,74,purchase,2026-05-23 15:39:08
17,25,purchase,2026-05-23 15:40:53
17,53,purchase,2026-05-23 15:40:53
17,23,purchase,2026-05-23 15:41:26
17,24,purchase,2026-05-23 15:41:26
17,49,purchase,2026-05-23 15:41:26
17,18,purchase,2026-05-23 15:41:48
17,22,purchase,2026-05-23 15:41:48
17,50,purchase,2026-05-23 15:41:48
17,48,purchase,2026-05-23 15:42:14
17,68,purchase,2026-05-23 15:42:14
17,73,purchase,2026-05-23 15:42:14
17,49,purchase,2026-05-23 15:42:57
17,21,purchase,2026-05-23 15:42:57
17,54,purchase,2026-05-23 15:43:28
17,16,purchase,2026-05-23 15:43:53
17,15,purchase,2026-05-23 15:43:53
17,11,purchase,2026-05-23 15:43:53
17,66,purchase,2026-05-23 15:45:22
17,75,purchase,2026-05-23 15:45:22
17,17,purchase,2026-05-23 15:46:28
17,21,purchase,2026-05-23 15:46:28
17,49,purchase,2026-05-23 15:46:28
17,5,purchase,2026-05-23 15:46:53
17,6,purchase,2026-05-23 15:46:53
17,7,purchase,2026-05-23 15:46:53
17,25,purchase,2026-05-23 15:47:35
17,26,purchase,2026-05-23 15:47:35
18,52,purchase,2026-05-23 15:49:20
18,22,purchase,2026-05-23 15:49:20
18,23,purchase,2026-05-23 15:49:20
18,25,purchase,2026-05-23 15:49:40
18,26,purchase,2026-05-23 15:49:40
18,45,purchase,2026-05-23 15:50:06
18,46,purchase,2026-05-23 15:50:06
18,13,purchase,2026-05-23 15:50:06
18,12,purchase,2026-05-23 15:51:12
18,46,purchase,2026-05-23 15:51:12
18,74,purchase,2026-05-23 15:51:12
18,5,purchase,2026-05-23 15:52:49
18,6,purchase,2026-05-23 15:52:49
18,7,purchase,2026-05-23 15:52:49
18,18,purchase,2026-05-23 15:53:32
18,20,purchase,2026-05-23 15:53:32
18,19,purchase,2026-05-23 15:53:32
18,25,purchase,2026-05-23 15:53:53
18,26,purchase,2026-05-23 15:53:53
18,48,purchase,2026-05-23 15:55:36
18,69,purchase,2026-05-23 15:55:36
18,70,purchase,2026-05-23 15:55:36
18,68,purchase,2026-05-23 15:56:10
18,44,purchase,2026-05-23 15:56:10
18,7,purchase,2026-05-23 15:56:10
18,3,purchase,2026-05-23 15:56:10
18,62,purchase,2026-05-23 15:56:10
19,42,purchase,2026-05-23 15:56:59
19,43,purchase,2026-05-23 15:56:59
19,64,purchase,2026-05-23 15:56:59
19,15,purchase,2026-05-23 15:57:25
19,14,purchase,2026-05-23 15:57:25
19,67,purchase,2026-05-23 15:57:25
19,15,purchase,2026-05-23 15:58:15
19,48,purchase,2026-05-23 15:58:15
19,13,purchase,2026-05-23 15:58:15
19,55,purchase,2026-05-23 15:58:36
19,27,purchase,2026-05-23 15:58:36
19,23,purchase,2026-05-23 15:59:22
19,24,purchase,2026-05-23 15:59:22
19,22,purchase,2026-05-23 15:59:22
19,76,purchase,2026-05-23 16:00:02
19,69,purchase,2026-05-23 16:00:02
19,63,purchase,2026-05-23 16:00:38
19,42,purchase,2026-05-23 16:00:38
19,41,purchase,2026-05-23 16:00:38
19,15,purchase,2026-05-23 16:01:37
19,16,purchase,2026-05-23 16:01:37
19,45,purchase,2026-05-23 16:01:37
19,46,purchase,2026-05-23 16:01:37
19,52,purchase,2026-05-23 16:02:05
19,51,purchase,2026-05-23 16:02:05
19,50,purchase,2026-05-23 16:02:05
19,49,purchase,2026-05-23 16:02:05
19,49,purchase,2026-05-23 16:02:33
19,24,purchase,2026-05-23 16:02:33
19,18,purchase,2026-05-23 16:02:33
19,22,purchase,2026-05-23 16:02:33
19,61,purchase,2026-05-23 16:03:08
19,8,purchase,2026-05-23 16:03:08
19,3,purchase,2026-05-23 16:03:08
19,6,purchase,2026-05-23 16:03:08
19,26,purchase,2026-05-23 16:03:49
19,27,purchase,2026-05-23 16:03:49
19,18,purchase,2026-05-23 16:03:49
19,22,purchase,2026-05-23 16:03:49
19,17,purchase,2026-05-23 16:03:49
19,21,purchase,2026-05-23 16:03:49
19,20,purchase,2026-05-23 16:03:49
19,43,purchase,2026-05-23 16:04:19
19,42,purchase,2026-05-23 16:04:19
19,41,purchase,2026-05-23 16:04:19
19,44,purchase,2026-05-23 16:04:19
20,55,purchase,2026-05-23 16:05:24
20,26,purchase,2026-05-23 16:05:24
20,52,purchase,2026-05-23 16:05:24
20,23,purchase,2026-05-23 16:05:24
20,21,purchase,2026-05-23 16:05:24
20,10,purchase,2026-05-23 16:05:44
20,11,purchase,2026-05-23 16:05:44
20,16,purchase,2026-05-23 16:05:44
20,15,purchase,2026-05-23 16:05:44
20,48,purchase,2026-05-23 16:06:07
20,69,purchase,2026-05-23 16:06:07
20,70,purchase,2026-05-23 16:06:07
20,14,purchase,2026-05-23 16:06:41
20,65,purchase,2026-05-23 16:06:41
20,67,purchase,2026-05-23 16:06:41
20,74,purchase,2026-05-23 16:06:41
20,13,purchase,2026-05-23 16:06:41
20,15,purchase,2026-05-23 16:07:09
20,48,purchase,2026-05-23 16:07:09
20,69,purchase,2026-05-23 16:07:09
20,76,purchase,2026-05-23 16:07:09
20,74,purchase,2026-05-23 16:07:09
20,4,purchase,2026-05-23 16:07:37
20,5,purchase,2026-05-23 16:07:37
20,6,purchase,2026-05-23 16:07:37
20,13,purchase,2026-05-23 16:08:07
20,45,purchase,2026-05-23 16:08:07
20,47,purchase,2026-05-23 16:08:31
20,48,purchase,2026-05-23 16:08:31
20,46,purchase,2026-05-23 16:08:31
20,45,purchase,2026-05-23 16:08:31
20,14,purchase,2026-05-23 16:09:14
20,15,purchase,2026-05-23 16:09:14
20,13,purchase,2026-05-23 16:09:14
20,16,purchase,2026-05-23 16:09:14
20,62,purchase,2026-05-23 16:10:13
20,41,purchase,2026-05-23 16:10:13
20,42,purchase,2026-05-23 16:10:13
20,5,purchase,2026-05-23 16:10:13
20,3,purchase,2026-05-23 16:10:13
20,25,purchase,2026-05-23 16:10:39
20,27,purchase,2026-05-23 16:10:39
20,54,purchase,2026-05-23 16:10:39
20,43,purchase,2026-05-23 16:11:07
20,42,purchase,2026-05-23 16:11:07
20,41,purchase,2026-05-23 16:11:07
20,69,purchase,2026-05-23 16:11:49
20,76,purchase,2026-05-23 16:11:49
20,70,purchase,2026-05-23 16:11:49
20,73,purchase,2026-05-23 16:11:49
20,12,purchase,2026-05-23 16:11:49
20,11,purchase,2026-05-23 16:11:49
20,70,purchase,2026-05-23 16:12:26
20,23,purchase,2026-05-23 16:12:26
20,21,purchase,2026-05-23 16:12:26
20,9,purchase,2026-05-23 16:12:52
20,14,purchase,2026-05-23 16:12:52
20,10,purchase,2026-05-23 16:12:52
20,73,purchase,2026-05-23 16:13:19
20,74,purchase,2026-05-23 16:13:19
20,25,purchase,2026-05-23 16:13:48
20,8,purchase,2026-05-23 16:13:48
20,41,purchase,2026-05-23 16:13:48
20,76,purchase,2026-05-23 16:15:17
20,67,purchase,2026-05-23 16:15:17
20,69,purchase,2026-05-23 16:15:17
20,51,purchase,2026-05-23 16:15:17
20,51,purchase,2026-05-23 16:15:39
20,52,purchase,2026-05-23 16:15:39
20,65,purchase,2026-05-23 16:15:39
20,16,purchase,2026-05-23 16:16:12
20,65,purchase,2026-05-23 16:16:12
20,66,purchase,2026-05-23 16:16:12
21,12,purchase,2026-05-23 16:17:53
21,11,purchase,2026-05-23 16:17:53
21,13,purchase,2026-05-23 16:17:53
21,67,purchase,2026-05-23 16:17:53
21,68,purchase,2026-05-23 16:18:20
21,76,purchase,2026-05-23 16:18:20
21,69,purchase,2026-05-23 16:18:20
21,70,purchase,2026-05-23 16:18:20
21,73,purchase,2026-05-23 16:18:54
21,74,purchase,2026-05-23 16:18:54
21,67,purchase,2026-05-23 16:18:54
21,65,purchase,2026-05-23 16:18:54
21,10,purchase,2026-05-23 16:18:54
21,24,purchase,2026-05-23 16:19:16
21,23,purchase,2026-05-23 16:19:16
21,22,purchase,2026-05-23 16:19:16
21,49,purchase,2026-05-23 16:19:16
21,15,purchase,2026-05-23 16:19:39
21,14,purchase,2026-05-23 16:19:39
21,68,purchase,2026-05-23 16:19:39
21,69,purchase,2026-05-23 16:19:39
21,65,purchase,2026-05-23 16:20:07
21,76,purchase,2026-05-23 16:20:07
21,75,purchase,2026-05-23 16:20:07
21,46,purchase,2026-05-23 16:20:07
21,25,purchase,2026-05-23 16:20:44
21,27,purchase,2026-05-23 16:20:44
21,54,purchase,2026-05-23 16:20:44
21,16,purchase,2026-05-23 16:21:17
21,65,purchase,2026-05-23 16:21:17
21,45,purchase,2026-05-23 16:21:17
21,9,purchase,2026-05-23 16:21:17
21,3,purchase,2026-05-23 16:21:17
21,5,purchase,2026-05-23 16:21:17
21,42,purchase,2026-05-23 16:21:17
21,63,purchase,2026-05-23 16:21:51
21,62,purchase,2026-05-23 16:21:51
21,42,purchase,2026-05-23 16:21:51
21,7,purchase,2026-05-23 16:21:51
21,12,purchase,2026-05-23 16:22:17
21,45,purchase,2026-05-23 16:22:17
21,46,purchase,2026-05-23 16:22:17
21,13,purchase,2026-05-23 16:22:17
21,16,purchase,2026-05-23 16:22:44
21,14,purchase,2026-05-23 16:22:44
21,68,purchase,2026-05-23 16:22:44
21,70,purchase,2026-05-23 16:23:10
21,76,purchase,2026-05-23 16:23:10
21,75,purchase,2026-05-23 16:23:10
21,11,purchase,2026-05-23 16:23:53
21,16,purchase,2026-05-23 16:23:53
21,65,purchase,2026-05-23 16:23:53
22,3,purchase,2026-05-23 16:24:51
22,4,purchase,2026-05-23 16:24:51
22,5,purchase,2026-05-23 16:24:51
22,6,purchase,2026-05-23 16:24:51
22,41,purchase,2026-05-23 16:25:10
22,42,purchase,2026-05-23 16:25:10
22,43,purchase,2026-05-23 16:25:10
22,61,purchase,2026-05-23 16:25:43
22,62,purchase,2026-05-23 16:25:43
22,42,purchase,2026-05-23 16:25:43
22,63,purchase,2026-05-23 16:25:43
22,44,purchase,2026-05-23 16:25:43
22,74,purchase,2026-05-23 16:26:17
22,75,purchase,2026-05-23 16:26:17
22,48,purchase,2026-05-23 16:26:17
22,12,purchase,2026-05-23 16:26:17
22,9,purchase,2026-05-23 16:26:51
22,10,purchase,2026-05-23 16:26:51
22,11,purchase,2026-05-23 16:26:51
22,16,purchase,2026-05-23 16:26:51
22,15,purchase,2026-05-23 16:26:51
22,13,purchase,2026-05-23 16:27:30
22,46,purchase,2026-05-23 16:27:30
22,45,purchase,2026-05-23 16:27:30
22,12,purchase,2026-05-23 16:27:30
22,11,purchase,2026-05-23 16:27:30
22,19,purchase,2026-05-23 16:27:52
22,20,purchase,2026-05-23 16:27:52
22,21,purchase,2026-05-23 16:27:52
22,18,purchase,2026-05-23 16:27:52
22,49,purchase,2026-05-23 16:28:16
22,50,purchase,2026-05-23 16:28:16
22,24,purchase,2026-05-23 16:28:16
22,23,purchase,2026-05-23 16:28:16
22,21,purchase,2026-05-23 16:28:16
22,19,purchase,2026-05-23 16:28:48
22,24,purchase,2026-05-23 16:28:48
22,23,purchase,2026-05-23 16:28:48
22,75,purchase,2026-05-23 16:29:28
22,76,purchase,2026-05-23 16:29:28
22,11,purchase,2026-05-23 16:29:28
22,22,purchase,2026-05-23 16:29:55
22,50,purchase,2026-05-23 16:29:55
22,21,purchase,2026-05-23 16:29:55
22,5,purchase,2026-05-23 16:30:20
22,42,purchase,2026-05-23 16:30:20
22,44,purchase,2026-05-23 16:30:20
22,17,purchase,2026-05-23 16:30:41
22,22,purchase,2026-05-23 16:30:41
22,23,purchase,2026-05-23 16:30:41
22,18,purchase,2026-05-23 16:30:41
22,10,purchase,2026-05-23 16:31:06
22,16,purchase,2026-05-23 16:31:06
22,65,purchase,2026-05-23 16:31:06
22,12,purchase,2026-05-23 16:31:06
22,16,purchase,2026-05-23 16:31:35
22,65,purchase,2026-05-23 16:31:35
22,48,purchase,2026-05-23 16:31:35
22,67,purchase,2026-05-23 16:31:35
22,44,purchase,2026-05-23 16:32:53
22,64,purchase,2026-05-23 16:32:53
22,63,purchase,2026-05-23 16:32:53
22,42,purchase,2026-05-23 16:32:53
23,42,purchase,2026-05-23 16:33:54
23,41,purchase,2026-05-23 16:33:54
23,62,purchase,2026-05-23 16:33:54
23,63,purchase,2026-05-23 16:33:54
23,64,purchase,2026-05-23 16:33:54
23,8,purchase,2026-05-23 16:34:13
23,61,purchase,2026-05-23 16:34:13
23,41,purchase,2026-05-23 16:34:13
23,62,purchase,2026-05-23 16:34:13
23,9,purchase,2026-05-23 16:34:41
23,14,purchase,2026-05-23 16:34:41
23,15,purchase,2026-05-23 16:34:41
23,16,purchase,2026-05-23 16:34:41
23,12,purchase,2026-05-23 16:35:08
23,66,purchase,2026-05-23 16:35:08
23,65,purchase,2026-05-23 16:35:08
23,67,purchase,2026-05-23 16:35:08
23,65,purchase,2026-05-23 16:35:33
23,48,purchase,2026-05-23 16:35:33
23,69,purchase,2026-05-23 16:35:33
23,70,purchase,2026-05-23 16:35:33
23,74,purchase,2026-05-23 16:35:33
23,67,purchase,2026-05-23 16:35:33
23,16,purchase,2026-05-23 16:35:57
23,45,purchase,2026-05-23 16:35:57
23,46,purchase,2026-05-23 16:35:57
23,15,purchase,2026-05-23 16:35:57
23,76,purchase,2026-05-23 16:36:24
23,74,purchase,2026-05-23 16:36:24
23,75,purchase,2026-05-23 16:36:24
23,76,purchase,2026-05-23 16:36:47
23,75,purchase,2026-05-23 16:36:47
23,73,purchase,2026-05-23 16:36:47
23,12,purchase,2026-05-23 16:37:12
23,13,purchase,2026-05-23 16:37:12
23,46,purchase,2026-05-23 16:37:12
23,45,purchase,2026-05-23 16:37:12
23,50,purchase,2026-05-23 16:37:33
23,22,purchase,2026-05-23 16:37:33
23,21,purchase,2026-05-23 16:37:33
23,44,purchase,2026-05-23 16:37:58
23,42,purchase,2026-05-23 16:37:58
16,12,purchase,2026-05-23 16:42:27
16,13,purchase,2026-05-23 16:42:27
16,11,purchase,2026-05-23 16:42:27
16,46,purchase,2026-05-23 16:42:46
16,45,purchase,2026-05-23 16:42:46
16,16,purchase,2026-05-23 16:42:46
16,9,purchase,2026-05-23 16:43:08
16,48,purchase,2026-05-23 16:43:08
16,47,purchase,2026-05-23 16:43:08
16,69,purchase,2026-05-23 16:43:42
16,68,purchase,2026-05-23 16:43:42
16,75,purchase,2026-05-23 16:43:42
16,74,purchase,2026-05-23 16:43:42
16,45,purchase,2026-05-23 16:44:11
16,46,purchase,2026-05-23 16:44:11
16,24,purchase,2026-05-23 16:44:40
16,49,purchase,2026-05-23 16:44:40
16,23,purchase,2026-05-23 16:44:40
16,17,purchase,2026-05-23 16:45:06
16,22,purchase,2026-05-23 16:45:06
16,52,purchase,2026-05-23 16:45:06
16,11,purchase,2026-05-23 16:45:35
16,15,purchase,2026-05-23 16:45:35
16,43,purchase,2026-05-23 16:46:02
16,48,purchase,2026-05-23 16:46:23
16,69,purchase,2026-05-23 16:46:23
16,16,purchase,2026-05-23 16:46:46
16,65,purchase,2026-05-23 16:46:46
16,4,purchase,2026-05-23 16:47:09
16,3,purchase,2026-05-23 16:47:09
16,17,purchase,2026-05-23 16:47:36
16,21,purchase,2026-05-23 16:47:36
16,19,purchase,2026-05-23 16:48:14
16,18,purchase,2026-05-23 16:48:14
14,9,purchase,2026-05-23 16:49:11
14,14,purchase,2026-05-23 16:49:11
14,45,purchase,2026-05-23 16:49:32
14,46,purchase,2026-05-23 16:49:32
14,16,purchase,2026-05-23 16:49:32
14,65,purchase,2026-05-23 16:49:56
14,74,purchase,2026-05-23 16:49:56
14,70,purchase,2026-05-23 16:49:56
14,75,purchase,2026-05-23 16:50:28
14,76,purchase,2026-05-23 16:50:28
14,45,purchase,2026-05-23 16:51:11
14,74,purchase,2026-05-23 16:51:11
14,12,purchase,2026-05-23 16:51:34
14,11,purchase,2026-05-23 16:51:34
14,16,purchase,2026-05-23 16:51:34
14,3,purchase,2026-05-23 16:51:55
14,44,purchase,2026-05-23 16:51:55
14,65,purchase,2026-05-23 16:52:18
14,48,purchase,2026-05-23 16:52:18
12,3,purchase,2026-05-23 16:54:10
12,4,purchase,2026-05-23 16:54:10
12,5,purchase,2026-05-23 16:54:10
12,3,purchase,2026-05-23 16:54:31
12,42,purchase,2026-05-23 16:54:31
12,63,purchase,2026-05-23 16:54:31
12,5,purchase,2026-05-23 16:55:01
12,42,purchase,2026-05-23 16:55:01
12,41,purchase,2026-05-23 16:55:26
12,62,purchase,2026-05-23 16:55:26
12,11,purchase,2026-05-23 16:55:54
12,16,purchase,2026-05-23 16:55:54
12,65,purchase,2026-05-23 16:55:54
12,74,purchase,2026-05-23 16:56:18
12,73,purchase,2026-05-23 16:56:18
12,70,purchase,2026-05-23 16:56:18
12,16,purchase,2026-05-23 16:56:41
12,14,purchase,2026-05-23 16:56:41
12,73,purchase,2026-05-23 16:57:19
12,74,purchase,2026-05-23 16:57:19
12,17,purchase,2026-05-23 16:57:54
12,21,purchase,2026-05-23 16:57:54
12,50,purchase,2026-05-23 16:57:54
12,44,purchase,2026-05-23 16:58:17
12,43,purchase,2026-05-23 16:58:17
12,9,purchase,2026-05-23 16:58:46
12,76,purchase,2026-05-23 16:58:46
12,13,purchase,2026-05-23 16:58:46
12,50,purchase,2026-05-23 16:59:12
12,22,purchase,2026-05-23 16:59:12
12,54,purchase,2026-05-23 16:59:12
12,10,purchase,2026-05-23 17:00:37
12,48,purchase,2026-05-23 17:00:37
12,65,purchase,2026-05-23 17:00:37
16,69,purchase,2026-04-26 07:47:08
16,63,purchase,2026-04-26 07:47:08
16,51,purchase,2026-04-26 07:47:08
16,10,purchase,2026-04-26 07:47:08
16,54,purchase,2026-04-26 07:47:08
20,23,purchase,2026-04-23 20:34:06
20,19,purchase,2026-04-23 20:34:06
20,4,purchase,2026-04-23 20:34:06
23,74,purchase,2026-04-07 05:01:05
23,61,purchase,2026-04-07 05:01:05
23,18,purchase,2026-04-07 05:01:05
11,21,purchase,2026-02-26 17:06:02
14,55,purchase,2026-03-26 17:47:39
24,53,purchase,2026-03-19 18:23:31
24,73,purchase,2026-03-19 18:23:31
24,44,purchase,2026-03-19 18:23:31
21,63,purchase,2026-03-20 03:03:34
21,15,purchase,2026-03-20 03:03:34
21,27,purchase,2026-03-20 03:03:34
17,55,purchase,2026-05-06 07:26:53
17,42,purchase,2026-05-06 07:26:53
17,19,purchase,2026-05-06 07:26:53
17,16,purchase,2026-05-06 07:26:53
14,61,purchase,2026-03-11 01:58:55
14,27,purchase,2026-03-11 01:58:55
14,55,purchase,2026-05-20 22:03:00
14,62,purchase,2026-05-20 22:03:00
14,11,purchase,2026-05-20 22:03:00
14,14,purchase,2026-05-20 22:03:00
22,10,purchase,2026-04-01 20:16:53
22,66,purchase,2026-04-01 20:16:53
22,50,purchase,2026-04-01 20:16:53
23,9,purchase,2026-04-08 14:16:14
23,7,purchase,2026-04-08 14:16:14
23,52,purchase,2026-04-08 14:16:14
23,26,purchase,2026-04-08 14:16:14
23,25,purchase,2026-04-08 14:16:14
22,19,purchase,2026-03-30 11:53:47
22,4,purchase,2026-03-30 11:53:47
22,27,purchase,2026-03-30 11:53:47
22,49,purchase,2026-03-30 11:53:47
24,75,purchase,2026-04-16 02:00:50
22,20,purchase,2026-03-10 13:42:19
22,15,purchase,2026-03-10 13:42:19
22,76,purchase,2026-03-10 13:42:19
15,14,purchase,2026-04-18 05:55:01
15,54,purchase,2026-04-18 05:55:01
12,54,purchase,2026-04-09 00:58:36
12,10,purchase,2026-04-09 00:58:36
12,18,purchase,2026-04-09 00:58:36
12,50,purchase,2026-04-09 00:58:36
18,17,purchase,2026-05-08 19:35:28
18,49,purchase,2026-05-08 19:35:28
18,43,purchase,2026-05-08 19:35:28
18,62,purchase,2026-05-08 19:35:28
18,41,purchase,2026-05-08 19:35:28
14,68,purchase,2026-05-02 07:17:02
14,16,purchase,2026-05-02 07:17:02
14,50,purchase,2026-05-02 07:17:02
14,63,purchase,2026-05-02 07:17:02
14,54,purchase,2026-03-26 04:48:27
2,69,purchase,2026-05-12 00:53:49
2,74,purchase,2026-05-12 00:53:49
2,46,purchase,2026-05-12 00:53:49
16,55,purchase,2026-05-08 16:48:07
16,50,purchase,2026-05-08 16:48:07
16,54,purchase,2026-03-10 23:43:25
16,17,purchase,2026-03-10 23:43:25
16,70,purchase,2026-03-10 23:43:25
21,70,purchase,2026-02-23 23:06:07
20,11,purchase,2026-03-26 07:37:45
20,73,purchase,2026-03-26 07:37:45
20,12,purchase,2026-03-26 07:37:45
20,18,purchase,2026-03-26 07:37:45
20,64,purchase,2026-03-26 07:37:45
22,22,purchase,2026-03-20 03:57:56
22,7,purchase,2026-03-20 03:57:56
22,43,purchase,2026-03-20 03:57:56
22,62,purchase,2026-03-20 03:57:56
11,25,purchase,2026-04-09 08:42:44
11,18,purchase,2026-04-09 08:42:44
22,53,purchase,2026-04-07 23:23:35
22,76,purchase,2026-04-07 23:23:35
13,70,purchase,2026-05-04 20:31:27
12,18,purchase,2026-04-15 18:32:31
12,43,purchase,2026-04-15 18:32:31
12,24,purchase,2026-04-15 18:32:31
12,9,purchase,2026-04-15 18:32:31
12,5,purchase,2026-04-15 18:32:31
16,66,purchase,2026-03-17 12:53:59
16,67,purchase,2026-03-17 12:53:59
11,76,purchase,2026-04-15 07:26:59
11,4,purchase,2026-04-15 07:26:59
11,70,purchase,2026-04-15 07:26:59
11,54,purchase,2026-04-15 07:26:59
11,63,purchase,2026-04-15 07:26:59
2,46,purchase,2026-04-23 02:31:09
2,4,purchase,2026-04-23 02:31:09
2,6,purchase,2026-04-23 02:31:09
16,18,purchase,2026-05-03 01:09:33
16,64,purchase,2026-05-03 01:09:33
17,10,purchase,2026-04-18 12:59:33
17,76,purchase,2026-04-18 12:59:33
17,62,purchase,2026-04-18 12:59:33
17,14,purchase,2026-04-18 12:59:33
17,8,purchase,2026-04-18 12:59:33
19,15,purchase,2026-05-13 02:33:51
24,10,purchase,2026-04-13 11:59:09
24,9,purchase,2026-04-13 11:59:09
24,44,purchase,2026-04-13 11:59:09
24,70,purchase,2026-04-13 11:59:09
22,45,purchase,2026-05-16 07:32:52
22,24,purchase,2026-05-16 07:32:52
22,6,purchase,2026-05-16 07:32:52
22,4,purchase,2026-05-16 07:32:52
23,13,purchase,2026-04-09 06:01:55
21,73,purchase,2026-04-08 02:17:06
21,18,purchase,2026-04-08 02:17:06
21,52,purchase,2026-04-08 02:17:06
21,47,purchase,2026-04-08 02:17:06
19,10,purchase,2026-03-10 18:55:03
19,21,purchase,2026-03-10 18:55:03
19,76,purchase,2026-03-10 18:55:03
19,52,purchase,2026-03-10 18:55:03
19,13,purchase,2026-03-10 18:55:03
19,18,purchase,2026-03-10 18:55:03
19,27,purchase,2026-03-10 18:55:03
19,73,purchase,2026-03-10 18:55:03
19,9,purchase,2026-03-10 18:55:03
18,17,purchase,2026-04-10 20:22:07
18,74,purchase,2026-04-10 20:22:07
18,3,purchase,2026-04-10 20:22:07
18,20,purchase,2026-04-10 20:22:07
18,16,purchase,2026-04-10 20:22:07
2,19,purchase,2026-05-17 11:36:20
2,17,purchase,2026-05-17 11:36:20
2,50,purchase,2026-05-17 11:36:20
2,10,purchase,2026-05-17 11:36:20
2,3,purchase,2026-05-17 11:36:20
2,53,purchase,2026-05-17 11:36:20
2,14,purchase,2026-05-17 11:36:20
2,8,purchase,2026-05-17 11:36:20
23,75,purchase,2026-05-12 05:34:17
23,43,purchase,2026-05-12 05:34:17
23,24,purchase,2026-05-12 05:34:17
23,51,purchase,2026-05-12 05:34:17
23,76,purchase,2026-05-12 05:34:17
21,11,purchase,2026-05-01 11:46:32
21,23,purchase,2026-05-01 11:46:32
21,69,purchase,2026-05-01 11:46:32
21,67,purchase,2026-05-01 11:46:32
21,51,purchase,2026-05-01 11:46:32
21,43,purchase,2026-05-01 11:46:32
21,74,purchase,2026-05-01 11:46:32
21,25,purchase,2026-05-01 11:46:32
12,73,purchase,2026-02-25 12:02:25
12,49,purchase,2026-02-25 12:02:25
12,13,purchase,2026-02-25 12:02:25
12,12,purchase,2026-02-25 12:02:25
12,19,purchase,2026-02-25 12:02:25
12,16,purchase,2026-02-25 12:02:25
12,21,purchase,2026-02-25 12:02:25
12,18,purchase,2026-02-25 12:02:25
12,46,purchase,2026-02-25 12:02:25
13,46,purchase,2026-03-30 22:21:22
13,76,purchase,2026-03-30 22:21:22
13,22,purchase,2026-03-30 22:21:22
13,63,purchase,2026-03-30 22:21:22
13,12,purchase,2026-03-30 22:21:22
13,48,purchase,2026-03-30 22:21:22
16,43,purchase,2026-05-21 18:06:48
16,76,purchase,2026-05-21 18:06:48
16,27,purchase,2026-05-21 18:06:48
23,65,purchase,2026-04-04 09:47:18
23,54,purchase,2026-04-04 09:47:18
23,47,purchase,2026-04-04 09:47:18
23,17,purchase,2026-04-04 09:47:18
23,61,purchase,2026-04-04 09:47:18
23,15,purchase,2026-04-04 09:47:18
24,17,purchase,2026-05-08 18:41:56
24,67,purchase,2026-05-08 18:41:56
24,75,purchase,2026-05-08 18:41:56
24,50,purchase,2026-05-08 18:41:56
24,54,purchase,2026-05-08 18:41:56
19,49,purchase,2026-04-04 05:45:53
19,18,purchase,2026-04-04 05:45:53
19,21,purchase,2026-04-04 05:45:53
19,17,purchase,2026-04-04 05:45:53
19,62,purchase,2026-04-04 05:45:53
19,13,purchase,2026-04-04 05:45:53
13,19,purchase,2026-04-28 18:10:27
13,50,purchase,2026-04-28 18:10:27
13,27,purchase,2026-04-28 18:10:27
13,22,purchase,2026-04-28 18:10:27
13,55,purchase,2026-04-28 18:10:27
13,21,purchase,2026-04-28 18:10:27
11,75,purchase,2026-05-21 02:01:35
11,61,purchase,2026-05-21 02:01:35
11,44,purchase,2026-05-21 02:01:35
11,14,purchase,2026-05-21 02:01:35
11,20,purchase,2026-05-21 02:01:35
11,73,purchase,2026-05-21 02:01:35
11,15,purchase,2026-05-21 02:01:35
11,68,purchase,2026-05-21 02:01:35
11,41,purchase,2026-05-21 02:01:35
11,55,purchase,2026-05-21 02:01:35
20,62,purchase,2026-05-21 11:00:02
20,12,purchase,2026-05-21 11:00:02
20,8,purchase,2026-05-21 11:00:02
20,6,purchase,2026-05-21 11:00:02
20,50,purchase,2026-05-21 11:00:02
20,52,purchase,2026-05-21 11:00:02
20,66,purchase,2026-05-21 11:00:02
18,48,purchase,2026-02-26 01:31:43
18,24,purchase,2026-02-26 01:31:43
18,21,purchase,2026-02-26 01:31:43
18,16,purchase,2026-02-26 01:31:43
18,73,purchase,2026-02-26 01:31:43
18,17,purchase,2026-02-26 01:31:43
18,18,purchase,2026-02-26 01:31:43
18,14,purchase,2026-02-26 01:31:43
18,70,purchase,2026-02-26 01:31:43
3,63,purchase,2026-04-06 12:33:42
3,54,purchase,2026-04-06 12:33:42
3,7,purchase,2026-04-06 12:33:42
3,14,purchase,2026-04-06 12:33:42
3,24,purchase,2026-04-06 12:33:42
3,51,purchase,2026-04-06 12:33:42
3,73,purchase,2026-04-06 12:33:42
3,41,purchase,2026-04-06 12:33:42
3,17,purchase,2026-04-06 12:33:42
15,5,purchase,2026-05-02 08:11:41
15,19,purchase,2026-05-02 08:11:41
15,53,purchase,2026-05-02 08:11:41
15,41,purchase,2026-05-02 08:11:41
15,26,purchase,2026-05-02 08:11:41
15,43,purchase,2026-05-02 08:11:41
15,8,purchase,2026-05-02 08:11:41
15,13,purchase,2026-05-02 08:11:41
16,45,purchase,2026-03-13 19:24:47
16,76,purchase,2026-03-13 19:24:47
16,4,purchase,2026-03-13 19:24:47
16,17,purchase,2026-03-13 19:24:47
16,64,purchase,2026-03-13 19:24:47
17,8,purchase,2026-05-10 06:51:21
17,22,purchase,2026-05-10 06:51:21
17,42,purchase,2026-05-10 06:51:21
17,10,purchase,2026-05-10 06:51:21
17,68,purchase,2026-03-16 01:36:30
17,66,purchase,2026-03-16 01:36:30
17,3,purchase,2026-03-16 01:36:30
17,76,purchase,2026-03-16 01:36:30
17,44,purchase,2026-03-16 01:36:30
17,16,purchase,2026-03-16 01:36:30
17,42,purchase,2026-03-16 01:36:30
17,12,purchase,2026-03-16 01:36:30
17,20,purchase,2026-03-16 01:36:30
2,52,purchase,2026-03-10 12:24:27
2,54,purchase,2026-03-10 12:24:27
2,43,purchase,2026-03-10 12:24:27
2,11,purchase,2026-03-10 12:24:27
2,15,purchase,2026-03-10 12:24:27
2,17,purchase,2026-03-10 12:24:27
2,23,purchase,2026-03-10 12:24:27
2,8,purchase,2026-03-10 12:24:27
13,63,purchase,2026-04-12 08:32:06
13,74,purchase,2026-04-12 08:32:06
13,64,purchase,2026-04-12 08:32:06
13,54,purchase,2026-04-12 08:32:06
16,45,purchase,2026-02-26 05:54:07
16,66,purchase,2026-02-26 05:54:07
16,22,purchase,2026-02-26 05:54:07
16,76,purchase,2026-02-26 05:54:07
16,19,purchase,2026-02-26 05:54:07
16,21,purchase,2026-02-26 05:54:07
12,65,purchase,2026-04-24 17:42:06
12,74,purchase,2026-04-24 17:42:06
12,44,purchase,2026-04-24 17:42:06
12,49,purchase,2026-04-24 17:42:06
12,21,purchase,2026-04-24 17:42:06
12,75,purchase,2026-04-24 17:42:06
12,11,purchase,2026-04-24 17:42:06
12,7,purchase,2026-04-24 17:42:06
12,19,purchase,2026-04-24 17:42:06
22,49,purchase,2026-03-02 07:55:57
22,73,purchase,2026-03-02 07:55:57
22,51,purchase,2026-03-02 07:55:57
22,23,purchase,2026-03-02 07:55:57
22,63,purchase,2026-05-09 06:03:23
22,3,purchase,2026-05-09 06:03:23
22,51,purchase,2026-05-09 06:03:23
22,46,purchase,2026-05-09 06:03:23
22,26,purchase,2026-05-09 06:03:23
22,17,purchase,2026-05-09 06:03:23
22,13,purchase,2026-05-09 06:03:23
22,19,purchase,2026-05-09 06:03:23
22,61,purchase,2026-05-09 06:03:23
22,65,purchase,2026-05-09 06:03:23
15,17,purchase,2026-04-27 01:51:37
15,13,purchase,2026-04-27 01:51:37
15,53,purchase,2026-04-27 01:51:37
17,41,purchase,2026-04-02 16:28:23
17,15,purchase,2026-04-02 16:28:23
17,24,purchase,2026-04-02 16:28:23
17,46,purchase,2026-04-02 16:28:23
17,53,purchase,2026-04-02 16:28:23
17,73,purchase,2026-04-02 16:28:23
17,63,purchase,2026-04-02 16:28:23
17,17,purchase,2026-04-02 16:28:23
19,69,purchase,2026-05-22 04:05:42
19,74,purchase,2026-05-22 04:05:42
19,64,purchase,2026-05-22 04:05:42
19,66,purchase,2026-05-22 04:05:42
19,6,purchase,2026-05-22 04:05:42
19,15,purchase,2026-05-22 04:05:42
14,20,purchase,2026-05-03 21:29:50
14,63,purchase,2026-05-03 21:29:50
14,41,purchase,2026-05-03 21:29:50
20,3,purchase,2026-04-06 02:04:36
20,49,purchase,2026-04-06 02:04:36
20,16,purchase,2026-04-06 02:04:36
15,15,purchase,2026-04-30 21:53:02
15,50,purchase,2026-04-30 21:53:02
15,19,purchase,2026-04-30 21:53:02
15,70,purchase,2026-04-30 21:53:02
15,63,purchase,2026-04-30 21:53:02
15,66,purchase,2026-04-30 21:53:02
15,20,purchase,2026-04-30 21:53:02
22,68,purchase,2026-04-24 11:00:37
22,18,purchase,2026-04-24 11:00:37
22,76,purchase,2026-04-24 11:00:37
22,6,purchase,2026-04-24 11:00:37
22,41,purchase,2026-04-24 11:00:37
22,50,purchase,2026-04-24 11:00:37
23,23,purchase,2026-04-08 22:00:55
23,6,purchase,2026-04-08 22:00:55
23,19,purchase,2026-04-08 22:00:55
19,9,purchase,2026-05-17 00:50:11
19,42,purchase,2026-05-17 00:50:11
19,64,purchase,2026-05-17 00:50:11
17,10,purchase,2026-04-24 23:39:44
17,4,purchase,2026-04-24 23:39:44
17,22,purchase,2026-04-24 23:39:44
20,66,purchase,2026-02-25 05:45:14
20,14,purchase,2026-02-25 05:45:14
20,16,purchase,2026-02-25 05:45:14
20,20,purchase,2026-02-25 05:45:14
20,26,purchase,2026-02-25 05:45:14
20,27,purchase,2026-02-25 05:45:14
20,51,purchase,2026-02-25 05:45:14
24,55,purchase,2026-04-03 09:19:47
24,4,purchase,2026-04-03 09:19:47
24,16,purchase,2026-04-03 09:19:47
24,49,purchase,2026-04-03 09:19:47
24,46,purchase,2026-04-03 09:19:47
24,62,purchase,2026-04-03 09:19:47
24,68,purchase,2026-04-03 09:19:47
24,23,purchase,2026-04-03 09:19:47
17,27,purchase,2026-03-30 17:18:37
17,8,purchase,2026-03-30 17:18:37
17,66,purchase,2026-03-30 17:18:37
17,50,purchase,2026-03-30 17:18:37
3,24,purchase,2026-03-15 07:56:02
3,75,purchase,2026-03-15 07:56:02
3,12,purchase,2026-03-15 07:56:02
3,64,purchase,2026-03-15 07:56:02
3,49,purchase,2026-03-15 07:56:02
3,67,purchase,2026-03-15 07:56:02
3,69,purchase,2026-03-15 07:56:02
16,26,purchase,2026-04-29 23:45:32
16,24,purchase,2026-04-29 23:45:32
16,54,purchase,2026-04-29 23:45:32
16,50,purchase,2026-04-29 23:45:32
16,53,purchase,2026-04-29 23:45:32
16,49,purchase,2026-04-29 23:45:32
16,18,purchase,2026-04-29 23:45:32
19,64,purchase,2026-03-10 07:10:38
19,14,purchase,2026-03-10 07:10:38
19,67,purchase,2026-03-10 07:10:38
19,12,purchase,2026-03-10 07:10:38
19,70,purchase,2026-03-10 07:10:38
19,15,purchase,2026-03-10 07:10:38
19,24,purchase,2026-03-10 07:10:38
19,73,purchase,2026-03-10 07:10:38
19,27,purchase,2026-03-10 07:10:38
16,41,purchase,2026-03-01 07:02:47
16,64,purchase,2026-03-01 07:02:47
16,11,purchase,2026-03-01 07:02:47
16,42,purchase,2026-03-01 07:02:47
15,19,purchase,2026-04-24 01:41:34
15,6,purchase,2026-04-24 01:41:34
15,69,purchase,2026-04-24 01:41:34
15,48,purchase,2026-04-24 01:41:34
11,10,purchase,2026-03-04 08:50:03
11,46,purchase,2026-03-04 08:50:03
11,53,purchase,2026-03-04 08:50:03
11,9,purchase,2026-03-04 08:50:03
11,54,purchase,2026-03-04 08:50:03
11,76,purchase,2026-03-04 08:50:03
11,6,purchase,2026-03-04 08:50:03
11,49,purchase,2026-03-04 08:50:03
11,55,purchase,2026-03-04 08:50:03
24,53,purchase,2026-04-29 20:16:02
24,66,purchase,2026-04-29 20:16:02
24,48,purchase,2026-04-29 20:16:02
24,41,purchase,2026-04-29 20:16:02
24,47,purchase,2026-04-29 20:16:02
24,12,purchase,2026-04-29 20:16:02
24,49,purchase,2026-04-29 20:16:02
24,54,purchase,2026-04-29 20:16:02
11,42,purchase,2026-03-24 06:29:06
11,52,purchase,2026-03-24 06:29:06
11,10,purchase,2026-03-24 06:29:06
11,25,purchase,2026-03-24 06:29:06
11,69,purchase,2026-03-24 06:29:06
11,46,purchase,2026-03-24 06:29:06
11,14,purchase,2026-03-24 06:29:06
11,67,purchase,2026-03-24 06:29:06
11,48,purchase,2026-03-24 06:29:06
23,70,purchase,2026-03-23 14:19:11
23,15,purchase,2026-03-23 14:19:11
23,7,purchase,2026-03-23 14:19:11
23,41,purchase,2026-03-23 14:19:11
16,14,purchase,2026-05-20 06:27:27
16,9,purchase,2026-05-20 06:27:27
16,53,purchase,2026-05-20 06:27:27
16,44,purchase,2026-05-20 06:27:27
16,43,purchase,2026-05-20 06:27:27
16,51,purchase,2026-05-20 06:27:27
16,52,purchase,2026-05-20 06:27:27
16,18,purchase,2026-05-20 06:27:27
16,11,purchase,2026-05-20 06:27:27
24,68,purchase,2026-05-09 21:38:19
24,18,purchase,2026-05-09 21:38:19
24,14,purchase,2026-05-09 21:38:19
24,43,purchase,2026-05-09 21:38:19
24,67,purchase,2026-05-09 21:38:19
24,48,purchase,2026-05-09 21:38:19
24,70,purchase,2026-05-09 21:38:19
24,6,purchase,2026-05-09 21:38:19
24,75,purchase,2026-05-09 21:38:19
13,54,purchase,2026-02-27 18:25:17
13,43,purchase,2026-02-27 18:25:17
12,69,purchase,2026-05-05 04:57:53
12,11,purchase,2026-05-05 04:57:53
12,13,purchase,2026-05-05 04:57:53
12,14,purchase,2026-05-05 04:57:53
3,10,purchase,2026-05-13 23:18:29
3,13,purchase,2026-05-13 23:18:29
3,48,purchase,2026-05-13 23:18:29
15,6,purchase,2026-03-12 13:09:39
15,8,purchase,2026-03-12 13:09:39
15,16,purchase,2026-03-12 13:09:39
20,55,purchase,2026-05-01 17:37:45
20,13,purchase,2026-05-01 17:37:45
20,66,purchase,2026-05-01 17:37:45
20,3,purchase,2026-05-01 17:37:45
14,23,purchase,2026-04-06 19:19:32
14,5,purchase,2026-04-06 19:19:32
14,7,purchase,2026-04-06 19:19:32
14,65,purchase,2026-04-06 19:19:32
14,47,purchase,2026-04-06 19:19:32
14,19,purchase,2026-05-13 13:28:45
14,70,purchase,2026-05-13 13:28:45
14,25,purchase,2026-05-13 13:28:45
14,9,purchase,2026-05-13 13:28:45
17,45,purchase,2026-04-18 13:28:35
17,51,purchase,2026-04-18 13:28:35
17,8,purchase,2026-04-18 13:28:35
17,43,purchase,2026-04-18 13:28:35
17,67,purchase,2026-04-18 13:28:35
17,52,purchase,2026-04-18 13:28:35
19,21,purchase,2026-04-06 01:01:25
19,47,purchase,2026-04-06 01:01:25
19,48,purchase,2026-04-06 01:01:25
19,42,purchase,2026-04-06 01:01:25
19,66,purchase,2026-04-06 01:01:25
19,20,purchase,2026-04-06 01:01:25
2,10,purchase,2026-04-08 08:13:10
2,13,purchase,2026-04-08 08:13:10
17,16,purchase,2026-04-26 11:18:21
17,65,purchase,2026-04-26 11:18:21
20,6,purchase,2026-04-21 21:20:17
20,44,purchase,2026-04-21 21:20:17
20,48,purchase,2026-04-21 21:20:17
20,7,purchase,2026-04-21 21:20:17
20,66,purchase,2026-04-21 21:20:17
20,22,purchase,2026-04-21 21:20:17
20,63,purchase,2026-04-21 21:20:17
20,3,purchase,2026-04-15 10:13:36
20,68,purchase,2026-04-15 10:13:36
20,69,purchase,2026-04-15 10:13:36
20,75,purchase,2026-04-15 10:13:36
20,66,purchase,2026-04-15 10:13:36
13,48,purchase,2026-05-07 00:57:25
13,26,purchase,2026-05-07 00:57:25
13,15,purchase,2026-05-07 00:57:25
13,53,purchase,2026-05-07 00:57:25
13,22,purchase,2026-05-07 00:57:25
13,75,purchase,2026-05-07 00:57:25
13,13,purchase,2026-05-07 00:57:25
16,9,purchase,2026-03-15 07:19:41
16,14,purchase,2026-03-15 07:19:41
13,27,purchase,2026-03-16 21:17:58
13,62,purchase,2026-03-16 21:17:58
13,76,purchase,2026-03-16 21:17:58
13,55,purchase,2026-03-16 21:17:58
13,24,purchase,2026-03-16 21:17:58
13,50,purchase,2026-03-16 21:17:58
21,52,purchase,2026-03-19 20:43:32
21,76,purchase,2026-03-19 20:43:32
21,46,purchase,2026-03-19 20:43:32
21,53,purchase,2026-03-19 20:43:32
21,16,purchase,2026-03-19 20:43:32
24,24,purchase,2026-03-01 01:37:51
24,17,purchase,2026-03-01 01:37:51
24,55,purchase,2026-03-01 01:37:51
24,26,purchase,2026-03-01 01:37:51
23,64,purchase,2026-03-07 17:24:30
23,62,purchase,2026-03-07 17:24:30
23,22,purchase,2026-03-07 17:24:30
23,52,purchase,2026-03-07 17:24:30
23,10,purchase,2026-03-07 17:24:30
23,24,purchase,2026-03-07 17:24:30
23,63,purchase,2026-04-06 02:26:42
23,61,purchase,2026-04-06 02:26:42
23,19,purchase,2026-04-06 02:26:42
23,48,purchase,2026-04-06 02:26:42
17,49,purchase,2026-03-15 06:31:19
17,68,purchase,2026-03-15 06:31:19
17,73,purchase,2026-03-15 06:31:19
19,6,purchase,2026-02-25 10:06:18
19,5,purchase,2026-02-25 10:06:18
19,24,purchase,2026-02-25 10:06:18
19,62,purchase,2026-02-25 10:06:18
19,49,purchase,2026-02-25 10:06:18
19,67,purchase,2026-02-25 10:06:18
19,14,purchase,2026-02-25 10:06:18
11,5,purchase,2026-03-10 05:21:59
11,17,purchase,2026-03-10 05:21:59
11,8,purchase,2026-03-10 05:21:59
11,52,purchase,2026-03-10 05:21:59
2,69,purchase,2026-04-22 16:29:10
2,43,purchase,2026-04-22 16:29:10
2,48,purchase,2026-04-22 16:29:10
20,73,purchase,2026-05-04 07:56:46
20,54,purchase,2026-05-04 07:56:46
20,26,purchase,2026-05-04 07:56:46
20,66,purchase,2026-05-04 07:56:46
20,76,purchase,2026-05-04 07:56:46
21,13,purchase,2026-05-05 12:33:35
21,76,purchase,2026-05-05 12:33:35
21,64,purchase,2026-05-05 12:33:35
21,9,purchase,2026-05-05 12:33:35
21,41,purchase,2026-05-05 12:33:35
21,15,purchase,2026-05-05 12:33:35
21,48,purchase,2026-05-05 12:33:35
12,6,purchase,2026-03-03 03:57:01
12,3,purchase,2026-03-03 03:57:01
12,42,purchase,2026-03-03 03:57:01
12,49,purchase,2026-03-03 03:57:01
18,6,purchase,2026-05-17 01:28:43
18,50,purchase,2026-05-17 01:28:43
24,50,purchase,2026-03-12 04:20:09
24,14,purchase,2026-03-12 04:20:09
20,5,purchase,2026-05-20 00:31:25
20,9,purchase,2026-05-20 00:31:25
20,44,purchase,2026-05-20 00:31:25
20,47,purchase,2026-05-20 00:31:25
20,46,purchase,2026-05-20 00:31:25
20,41,purchase,2026-05-20 00:31:25
12,22,purchase,2026-03-24 10:57:15
12,10,purchase,2026-03-24 10:57:15
12,61,purchase,2026-05-08 02:53:03
12,13,purchase,2026-05-08 02:53:03
12,21,purchase,2026-05-08 02:53:03
12,48,purchase,2026-05-08 02:53:03
12,42,purchase,2026-05-08 02:53:03
21,50,purchase,2026-03-22 14:24:11
21,18,purchase,2026-03-22 14:24:11
22,24,purchase,2026-05-08 00:40:31
22,41,purchase,2026-05-08 00:40:31
22,51,purchase,2026-05-08 00:40:31
15,20,purchase,2026-05-02 01:15:07
15,7,purchase,2026-05-02 01:15:07
15,41,purchase,2026-05-02 01:15:07
15,25,purchase,2026-05-02 01:15:07
13,53,purchase,2026-05-16 05:45:07
13,9,purchase,2026-05-16 05:45:07
13,61,purchase,2026-05-16 05:45:07
13,3,purchase,2026-05-16 05:45:07
13,6,purchase,2026-05-16 05:45:07
2,6,purchase,2026-05-14 14:55:39
2,44,purchase,2026-05-14 14:55:39
2,15,purchase,2026-05-14 14:55:39
2,17,purchase,2026-05-14 14:55:39
2,24,purchase,2026-05-14 14:55:39
2,46,purchase,2026-05-14 14:55:39
2,65,purchase,2026-05-14 14:55:39
2,22,purchase,2026-05-14 14:55:39
15,64,purchase,2026-04-09 22:59:50
15,70,purchase,2026-04-09 22:59:50
15,62,purchase,2026-04-09 22:59:50
15,14,purchase,2026-04-09 22:59:50
15,67,purchase,2026-04-09 22:59:50
15,43,purchase,2026-04-09 22:59:50
15,15,purchase,2026-04-09 22:59:50
21,66,purchase,2026-03-08 23:02:19
21,22,purchase,2026-03-08 23:02:19
21,5,purchase,2026-03-08 23:02:19
21,11,purchase,2026-03-08 23:02:19
21,20,purchase,2026-03-08 23:02:19
21,44,purchase,2026-03-08 23:02:19
12,14,purchase,2026-04-12 00:59:05
12,17,purchase,2026-04-12 00:59:05
12,62,purchase,2026-04-12 00:59:05
12,55,purchase,2026-04-12 00:59:05
12,69,purchase,2026-04-12 00:59:05
12,51,purchase,2026-04-12 00:59:05
13,63,purchase,2026-05-06 01:12:08
13,11,purchase,2026-05-06 01:12:08
13,70,purchase,2026-05-06 01:12:08
13,53,purchase,2026-05-06 01:12:08
13,18,purchase,2026-05-06 01:12:08
13,64,purchase,2026-05-06 01:12:08
13,55,purchase,2026-04-13 17:01:01
13,44,purchase,2026-04-13 17:01:01
13,76,purchase,2026-04-13 17:01:01
13,51,purchase,2026-04-13 17:01:01
13,4,purchase,2026-04-13 17:01:01
13,7,purchase,2026-04-13 17:01:01
13,27,purchase,2026-04-13 17:01:01
12,62,purchase,2026-03-12 18:40:49
12,16,purchase,2026-03-12 18:40:49
23,17,purchase,2026-05-10 06:03:48
23,3,purchase,2026-05-10 06:03:48
23,20,purchase,2026-05-10 06:03:48
23,22,purchase,2026-05-10 06:03:48
23,67,purchase,2026-05-10 06:03:48
16,11,purchase,2026-02-26 10:52:19
18,45,purchase,2026-04-19 03:55:21
18,43,purchase,2026-04-19 03:55:21
18,13,purchase,2026-04-19 03:55:21
18,3,purchase,2026-04-19 03:55:21
23,52,purchase,2026-05-20 06:52:59
23,62,purchase,2026-05-20 06:52:59
23,41,purchase,2026-05-20 06:52:59
19,13,purchase,2026-04-23 07:08:09
19,42,purchase,2026-04-23 07:08:09
19,12,purchase,2026-04-23 07:08:09
19,22,purchase,2026-04-23 07:08:09
19,41,purchase,2026-04-23 07:08:09
18,22,purchase,2026-04-26 03:11:04
18,4,purchase,2026-04-26 03:11:04
18,76,purchase,2026-04-26 03:11:04
20,11,purchase,2026-05-11 06:24:51
20,54,purchase,2026-05-11 06:24:51
20,20,purchase,2026-05-11 06:24:51
14,53,purchase,2026-03-17 03:42:17
14,14,purchase,2026-03-17 03:42:17
14,27,purchase,2026-03-17 03:42:17
14,26,purchase,2026-03-17 03:42:17
14,61,purchase,2026-03-17 03:42:17
14,49,purchase,2026-03-17 03:42:17
14,47,purchase,2026-03-17 03:42:17
19,66,purchase,2026-03-21 11:53:24
19,70,purchase,2026-03-21 11:53:24
19,10,purchase,2026-03-21 11:53:24
19,19,purchase,2026-03-21 11:53:24
19,49,purchase,2026-03-21 11:53:24
18,68,purchase,2026-04-20 12:32:44
18,74,purchase,2026-04-20 12:32:44
18,54,purchase,2026-04-20 12:32:44
18,66,purchase,2026-04-20 12:32:44
18,43,purchase,2026-04-20 12:32:44
18,65,purchase,2026-04-20 12:32:44
18,41,purchase,2026-04-20 12:32:44
18,69,purchase,2026-04-20 12:32:44
18,75,purchase,2026-04-20 12:32:44
17,53,purchase,2026-05-19 23:24:37
17,55,purchase,2026-05-19 23:24:37
17,44,purchase,2026-05-19 23:24:37
17,42,purchase,2026-05-19 23:24:37
23,17,purchase,2026-04-13 20:35:25
23,47,purchase,2026-04-13 20:35:25
23,26,purchase,2026-04-13 20:35:25
19,12,purchase,2026-05-15 09:22:37
19,75,purchase,2026-05-15 09:22:37
19,52,purchase,2026-05-15 09:22:37
19,11,purchase,2026-05-15 09:22:37
19,65,purchase,2026-05-15 09:22:37
19,9,purchase,2026-05-15 09:22:37
21,52,purchase,2026-04-08 18:05:59
21,61,purchase,2026-04-08 18:05:59
3,9,purchase,2026-03-03 17:21:57
3,41,purchase,2026-03-03 17:21:57
3,11,purchase,2026-03-03 17:21:57
3,48,purchase,2026-03-03 17:21:57
3,43,purchase,2026-03-03 17:21:57
3,27,purchase,2026-03-03 17:21:57
18,61,purchase,2026-04-22 11:35:46
18,47,purchase,2026-04-22 11:35:46
18,53,purchase,2026-04-22 11:35:46
18,69,purchase,2026-04-22 11:35:46
18,12,purchase,2026-04-22 11:35:46
18,20,purchase,2026-04-22 11:35:46
18,42,purchase,2026-04-22 11:35:46
18,52,purchase,2026-04-22 11:35:46
18,50,purchase,2026-04-07 05:48:50
18,49,purchase,2026-04-07 05:48:50
18,43,purchase,2026-04-07 05:48:50
18,18,purchase,2026-04-07 05:48:50
18,63,purchase,2026-04-07 05:48:50
18,10,purchase,2026-04-07 05:48:50
11,65,purchase,2026-02-27 12:29:39
11,12,purchase,2026-02-27 12:29:39
12,23,purchase,2026-05-10 06:21:38
12,18,purchase,2026-05-10 06:21:38
12,48,purchase,2026-05-10 06:21:38
12,70,purchase,2026-05-10 06:21:38
12,10,purchase,2026-05-10 06:21:38
15,48,purchase,2026-02-24 10:46:10
15,76,purchase,2026-02-24 10:46:10
15,62,purchase,2026-02-24 10:46:10
15,47,purchase,2026-02-24 10:46:10
15,50,purchase,2026-02-24 10:46:10
15,52,purchase,2026-02-24 10:46:10
15,75,purchase,2026-02-24 10:46:10
15,46,purchase,2026-02-24 10:46:10
15,42,purchase,2026-02-24 10:46:10
13,46,purchase,2026-03-03 06:46:25
13,48,purchase,2026-03-03 06:46:25
13,4,purchase,2026-03-03 06:46:25
13,49,purchase,2026-03-03 06:46:25
13,75,purchase,2026-03-03 06:46:25
13,65,purchase,2026-03-03 06:46:25
13,24,purchase,2026-03-03 06:46:25
13,6,purchase,2026-03-03 06:46:25
12,8,purchase,2026-03-06 08:26:19
12,23,purchase,2026-03-06 08:26:19
3,68,purchase,2026-04-23 20:13:28
3,49,purchase,2026-04-23 20:13:28
3,50,purchase,2026-04-23 20:13:28
11,6,purchase,2026-03-18 09:32:03
11,54,purchase,2026-03-18 09:32:03
11,21,purchase,2026-03-18 09:32:03
24,12,purchase,2026-05-15 12:37:16
24,70,purchase,2026-05-15 12:37:16
23,51,purchase,2026-05-16 04:50:09
23,55,purchase,2026-05-16 04:50:09
23,20,purchase,2026-05-16 04:50:09
23,21,purchase,2026-05-16 04:50:09
2,3,purchase,2026-03-02 14:42:13
2,21,purchase,2026-03-02 14:42:13
2,44,purchase,2026-03-02 14:42:13
2,14,purchase,2026-03-02 14:42:13
2,42,purchase,2026-03-02 14:42:13
17,7,purchase,2026-04-13 12:34:45
17,74,purchase,2026-04-13 12:34:45
17,61,purchase,2026-04-13 12:34:45
17,13,purchase,2026-04-13 12:34:45
17,45,purchase,2026-04-13 12:34:45
17,22,purchase,2026-04-13 12:34:45
17,55,purchase,2026-04-13 12:34:45
17,73,purchase,2026-04-13 12:34:45
17,55,purchase,2026-05-23 15:51:15
17,8,purchase,2026-05-23 15:51:15
17,20,purchase,2026-05-23 15:51:15
17,5,purchase,2026-05-23 15:51:15
14,52,purchase,2026-05-06 03:07:50
14,66,purchase,2026-05-06 03:07:50
14,65,purchase,2026-05-06 03:07:50
14,3,purchase,2026-05-06 03:07:50
14,74,purchase,2026-05-06 03:07:50
14,19,purchase,2026-05-06 03:07:50
14,50,purchase,2026-05-06 03:07:50
14,43,purchase,2026-05-06 03:07:50
20,45,purchase,2026-04-26 13:36:12
20,5,purchase,2026-04-26 13:36:12
20,18,purchase,2026-04-26 13:36:12
24,63,purchase,2026-05-19 21:09:52
24,73,purchase,2026-05-19 21:09:52
24,70,purchase,2026-05-19 21:09:52
24,41,purchase,2026-05-19 21:09:52
24,6,purchase,2026-05-19 21:09:52
24,50,purchase,2026-05-19 21:09:52
24,76,purchase,2026-05-19 21:09:52
24,18,purchase,2026-05-19 21:09:52
24,26,purchase,2026-05-19 21:09:52
18,55,purchase,2026-05-03 11:52:01
18,65,purchase,2026-05-03 11:52:01
18,3,purchase,2026-05-03 11:52:01
18,63,purchase,2026-05-03 11:52:01
18,64,purchase,2026-05-03 11:52:01
18,42,purchase,2026-05-03 11:52:01
18,23,purchase,2026-05-03 11:52:01
21,49,purchase,2026-02-27 21:57:53
21,61,purchase,2026-02-27 21:57:53
21,27,purchase,2026-02-27 21:57:53
21,9,purchase,2026-02-27 21:57:53
21,20,purchase,2026-02-27 21:57:53
21,62,purchase,2026-02-27 21:57:53
21,22,purchase,2026-02-27 21:57:53
21,15,purchase,2026-02-27 21:57:53
20,54,purchase,2026-05-06 15:57:16
20,50,purchase,2026-05-06 15:57:16
20,14,purchase,2026-05-06 15:57:16
20,64,purchase,2026-05-06 15:57:16
18,48,purchase,2026-03-25 11:09:21
18,4,purchase,2026-03-25 11:09:21
12,15,purchase,2026-05-19 03:49:56
12,64,purchase,2026-05-19 03:49:56
12,55,purchase,2026-05-19 03:49:56
12,63,purchase,2026-05-19 03:49:56
12,20,purchase,2026-05-19 03:49:56
12,22,purchase,2026-05-19 03:49:56
20,18,purchase,2026-03-26 17:28:42
20,70,purchase,2026-03-26 17:28:42
20,75,purchase,2026-03-26 17:28:42
20,21,purchase,2026-03-26 17:28:42
20,69,purchase,2026-03-26 17:28:42
20,63,purchase,2026-03-26 17:28:42
12,19,purchase,2026-02-23 07:40:46
12,14,purchase,2026-02-23 07:40:46
12,74,purchase,2026-02-23 07:40:46
12,68,purchase,2026-02-23 07:40:46
12,44,purchase,2026-02-23 07:40:46
12,54,purchase,2026-02-23 07:40:46
12,23,purchase,2026-02-23 07:40:46
12,26,purchase,2026-02-23 07:40:46
12,64,purchase,2026-02-23 07:40:46
19,49,purchase,2026-02-25 18:46:09
19,44,purchase,2026-02-25 18:46:09
19,24,purchase,2026-02-25 18:46:09
19,70,purchase,2026-02-25 18:46:09
14,4,purchase,2026-03-30 08:42:06
14,55,purchase,2026-03-30 08:42:06
14,10,purchase,2026-03-30 08:42:06
14,42,purchase,2026-03-30 08:42:06
14,18,purchase,2026-03-30 08:42:06
14,49,purchase,2026-03-30 08:42:06
14,22,purchase,2026-03-30 08:42:06
14,7,purchase,2026-03-30 08:42:06
13,12,purchase,2026-03-14 19:27:11
13,11,purchase,2026-03-14 19:27:11
13,7,purchase,2026-03-14 19:27:11
13,4,purchase,2026-03-14 19:27:11
13,76,purchase,2026-03-14 19:27:11
14,19,purchase,2026-03-09 21:56:44
14,48,purchase,2026-03-09 21:56:44
14,15,purchase,2026-03-09 21:56:44
14,10,purchase,2026-03-09 21:56:44
14,54,purchase,2026-03-09 21:56:44
14,47,purchase,2026-03-09 21:56:44
11,3,purchase,2026-04-24 19:04:11
11,8,purchase,2026-04-24 19:04:11
11,50,purchase,2026-04-24 19:04:11
11,65,purchase,2026-04-24 19:04:11
11,52,purchase,2026-04-24 19:04:11
11,67,purchase,2026-04-24 19:04:11
11,45,purchase,2026-04-24 19:04:11
11,15,purchase,2026-04-24 19:04:11
11,62,purchase,2026-04-24 19:04:11
12,62,purchase,2026-03-18 22:48:13
12,16,purchase,2026-03-18 22:48:13
12,6,purchase,2026-03-18 22:48:13
12,5,purchase,2026-03-18 22:48:13
12,75,purchase,2026-03-18 22:48:13
12,51,purchase,2026-03-18 22:48:13
12,3,purchase,2026-03-18 22:48:13
24,27,purchase,2026-03-08 10:49:52
24,20,purchase,2026-03-08 10:49:52
24,14,purchase,2026-03-08 10:49:52
24,48,purchase,2026-03-08 10:49:52
24,75,purchase,2026-04-07 14:02:41
24,15,purchase,2026-04-07 14:02:41
24,16,purchase,2026-04-07 14:02:41
24,63,purchase,2026-04-07 14:02:41
24,41,purchase,2026-04-07 14:02:41
24,52,purchase,2026-04-07 14:02:41
24,17,purchase,2026-04-07 14:02:41
24,47,purchase,2026-04-07 14:02:41
15,14,purchase,2026-03-30 18:13:36
15,70,purchase,2026-03-30 18:13:36
15,76,purchase,2026-03-30 18:13:36
15,23,purchase,2026-03-30 18:13:36
15,27,purchase,2026-03-30 18:13:36
15,11,purchase,2026-03-30 18:13:36
15,6,purchase,2026-03-30 18:13:36
15,43,purchase,2026-03-30 18:13:36
15,67,purchase,2026-03-30 18:13:36
15,52,purchase,2026-03-30 18:13:36
2,19,purchase,2026-04-14 18:12:50
2,48,purchase,2026-04-14 18:12:50
2,26,purchase,2026-04-14 18:12:50
16,5,purchase,2026-04-08 17:24:54
16,27,purchase,2026-04-08 17:24:54
16,67,purchase,2026-04-08 17:24:54
16,50,purchase,2026-04-08 17:24:54
16,55,purchase,2026-04-08 17:24:54
16,3,purchase,2026-04-08 17:24:54
16,61,purchase,2026-04-08 17:24:54
11,65,purchase,2026-04-09 08:51:22
11,46,purchase,2026-04-09 08:51:22
11,76,purchase,2026-04-09 08:51:22
11,3,purchase,2026-04-09 08:51:22
20,43,purchase,2026-05-06 15:51:55
20,13,purchase,2026-05-06 15:51:55
20,65,purchase,2026-05-06 15:51:55
20,48,purchase,2026-05-06 15:51:55
20,41,purchase,2026-05-06 15:51:55
20,19,purchase,2026-05-06 15:51:55
19,3,purchase,2026-05-20 10:50:03
19,55,purchase,2026-05-20 10:50:03
13,76,purchase,2026-03-14 17:48:36
13,27,purchase,2026-03-14 17:48:36
13,41,purchase,2026-03-14 17:48:36
13,74,purchase,2026-03-14 17:48:36
23,48,purchase,2026-02-24 23:28:46
23,50,purchase,2026-02-24 23:28:46
23,49,purchase,2026-02-24 23:28:46
2,64,purchase,2026-04-09 04:31:02
2,46,purchase,2026-04-09 04:31:02
2,69,purchase,2026-04-09 04:31:02
2,5,purchase,2026-04-09 04:31:02
2,41,purchase,2026-04-09 04:31:02
20,9,purchase,2026-04-22 01:19:04
20,8,purchase,2026-04-22 01:19:04
20,21,purchase,2026-04-22 01:19:04
20,76,purchase,2026-04-22 01:19:04
20,73,purchase,2026-04-22 01:19:04
20,6,purchase,2026-04-22 01:19:04
24,48,purchase,2026-03-02 21:36:39
24,61,purchase,2026-03-02 21:36:39
24,64,purchase,2026-03-02 21:36:39
24,26,purchase,2026-03-02 21:36:39
13,12,purchase,2026-03-21 03:17:29
13,68,purchase,2026-03-21 03:17:29
13,67,purchase,2026-03-21 03:17:29
12,17,purchase,2026-03-02 19:40:51
12,65,purchase,2026-03-02 19:40:51
12,23,purchase,2026-03-02 19:40:51
11,44,purchase,2026-04-11 18:38:15
11,25,purchase,2026-04-11 18:38:15
24,43,purchase,2026-04-14 14:43:36
24,76,purchase,2026-04-14 14:43:36
12,49,purchase,2026-04-24 09:51:42
12,45,purchase,2026-04-24 09:51:42
12,12,purchase,2026-04-24 09:51:42
12,66,purchase,2026-04-24 09:51:42
12,15,purchase,2026-04-24 09:51:42
12,61,purchase,2026-04-24 09:51:42
2,15,purchase,2026-05-02 08:07:57
2,25,purchase,2026-05-02 08:07:57
2,70,purchase,2026-05-02 08:07:57
2,50,purchase,2026-05-02 08:07:57
2,73,purchase,2026-05-02 08:07:57
15,19,purchase,2026-04-03 10:37:02
15,17,purchase,2026-04-03 10:37:02
15,12,purchase,2026-04-03 10:37:02
15,54,purchase,2026-04-03 10:37:02
15,62,purchase,2026-04-03 10:37:02
18,7,purchase,2026-04-08 18:04:19
18,52,purchase,2026-04-08 18:04:19
18,65,purchase,2026-04-08 18:04:19
18,69,purchase,2026-04-08 18:04:19
18,8,purchase,2026-04-08 18:04:19
18,4,purchase,2026-04-08 18:04:19
18,61,purchase,2026-04-08 18:04:19
18,21,purchase,2026-04-08 18:04:19
14,6,purchase,2026-03-20 09:15:45
14,21,purchase,2026-03-20 09:15:45
14,50,purchase,2026-03-20 09:15:45
14,11,purchase,2026-03-20 09:15:45
14,15,purchase,2026-03-20 09:15:45
14,9,purchase,2026-03-20 09:15:45
14,14,purchase,2026-03-20 09:15:45
14,74,purchase,2026-03-20 09:15:45
14,65,purchase,2026-03-20 09:15:45
14,55,purchase,2026-03-20 09:15:45
18,52,purchase,2026-03-24 00:12:21
18,5,purchase,2026-03-24 00:12:21
18,45,purchase,2026-03-24 00:12:21
18,51,purchase,2026-03-24 00:12:21
18,16,purchase,2026-03-24 00:12:21
18,68,purchase,2026-03-24 00:12:21
18,3,purchase,2026-03-24 00:12:21
18,62,purchase,2026-03-24 00:12:21
18,11,purchase,2026-03-24 00:12:21
22,10,purchase,2026-03-27 06:28:41
22,47,purchase,2026-03-27 06:28:41
18,65,purchase,2026-04-01 19:25:08
18,10,purchase,2026-04-01 19:25:08
18,51,purchase,2026-04-01 19:25:08
18,47,purchase,2026-04-01 19:25:08
18,3,purchase,2026-04-01 19:25:08
18,64,purchase,2026-04-01 19:25:08
22,63,purchase,2026-03-21 03:05:18
22,15,purchase,2026-03-21 03:05:18
22,55,purchase,2026-03-21 03:05:18
22,19,purchase,2026-03-21 03:05:18
22,17,purchase,2026-03-21 03:05:18
22,4,purchase,2026-03-21 03:05:18
22,73,purchase,2026-03-21 03:05:18
3,45,purchase,2026-04-06 13:33:18
3,14,purchase,2026-04-06 13:33:18
3,23,purchase,2026-04-06 13:33:18
3,46,purchase,2026-04-06 13:33:18
3,11,purchase,2026-04-06 13:33:18
2,46,purchase,2026-04-27 21:56:23
2,3,purchase,2026-04-27 21:56:23
2,10,purchase,2026-04-27 21:56:23
2,17,purchase,2026-04-27 21:56:23
2,66,purchase,2026-04-27 21:56:23
2,20,purchase,2026-04-27 21:56:23
2,65,purchase,2026-04-27 21:56:23
2,75,purchase,2026-04-27 21:56:23
20,20,purchase,2026-04-04 19:03:00
20,69,purchase,2026-04-04 19:03:00
20,15,purchase,2026-04-04 19:03:00
20,26,purchase,2026-04-04 19:03:00
21,19,purchase,2026-04-19 21:51:03
21,46,purchase,2026-04-19 21:51:03
21,50,purchase,2026-04-19 21:51:03
21,7,purchase,2026-04-19 21:51:03
16,24,purchase,2026-03-29 04:23:30
16,43,purchase,2026-03-29 04:23:30
16,47,purchase,2026-03-29 04:23:30
16,64,purchase,2026-03-29 04:23:30
16,70,purchase,2026-03-29 04:23:30
16,52,purchase,2026-03-29 04:23:30
16,20,purchase,2026-03-29 04:23:30
12,22,purchase,2026-05-02 07:59:14
12,14,purchase,2026-05-02 07:59:14
12,62,purchase,2026-05-02 07:59:14
12,61,purchase,2026-05-02 07:59:14
12,70,purchase,2026-05-02 07:59:14
12,17,purchase,2026-04-16 02:32:49
12,70,purchase,2026-04-16 02:32:49
12,44,purchase,2026-04-16 02:32:49
18,74,purchase,2026-02-23 10:06:51
18,64,purchase,2026-02-23 10:06:51
18,11,purchase,2026-02-23 10:06:51
18,18,purchase,2026-02-23 10:06:51
18,5,purchase,2026-02-23 10:06:51
23,45,purchase,2026-04-06 06:21:45
23,8,purchase,2026-04-06 06:21:45
23,51,purchase,2026-04-06 06:21:45
23,42,purchase,2026-04-06 06:21:45
23,46,purchase,2026-04-06 06:21:45
20,62,purchase,2026-05-09 16:03:47
20,44,purchase,2026-05-09 16:03:47
20,19,purchase,2026-05-09 16:03:47
20,21,purchase,2026-05-09 16:03:47
20,52,purchase,2026-05-09 16:03:47
20,25,purchase,2026-05-09 16:03:47
20,67,purchase,2026-05-09 16:03:47
20,76,purchase,2026-05-09 16:03:47
19,51,purchase,2026-04-07 13:49:20
19,70,purchase,2026-04-07 13:49:20
19,3,purchase,2026-04-07 13:49:20
19,19,purchase,2026-04-07 13:49:20
19,68,purchase,2026-04-07 13:49:20
19,24,purchase,2026-04-07 13:49:20
19,8,purchase,2026-04-07 13:49:20
19,53,purchase,2026-04-07 13:49:20
18,8,purchase,2026-04-24 21:00:09
18,62,purchase,2026-04-24 21:00:09
18,18,purchase,2026-04-24 21:00:09
18,70,purchase,2026-04-24 21:00:09
18,76,purchase,2026-04-24 21:00:09
18,61,purchase,2026-04-24 21:00:09
18,16,purchase,2026-04-24 21:00:09
17,18,purchase,2026-04-09 13:27:16
17,26,purchase,2026-04-09 13:27:16
17,6,purchase,2026-04-09 13:27:16
24,51,purchase,2026-05-05 14:36:42
24,11,purchase,2026-05-05 14:36:42
24,4,purchase,2026-05-05 14:36:42
24,26,purchase,2026-05-05 14:36:42
24,14,purchase,2026-05-05 14:36:42
24,3,purchase,2026-05-05 14:36:42
24,65,purchase,2026-05-05 14:36:42
24,15,purchase,2026-05-05 14:36:42
24,43,purchase,2026-05-05 14:36:42
24,20,purchase,2026-05-05 14:36:42
12,21,purchase,2026-05-10 01:43:36
12,25,purchase,2026-05-10 01:43:36
12,24,purchase,2026-05-10 01:43:36
12,51,purchase,2026-05-10 01:43:36
12,13,purchase,2026-05-10 01:43:36
12,6,purchase,2026-03-01 11:18:43
12,13,purchase,2026-03-01 11:18:43
11,73,purchase,2026-04-06 19:19:39
11,17,purchase,2026-04-06 19:19:39
11,12,purchase,2026-04-06 19:19:39
11,63,purchase,2026-04-06 19:19:39
11,27,purchase,2026-04-06 19:19:39
11,14,purchase,2026-04-06 19:19:39
11,46,purchase,2026-04-06 19:19:39
11,7,purchase,2026-04-06 19:19:39
11,52,purchase,2026-04-06 19:19:39
16,65,purchase,2026-04-25 04:15:55
16,63,purchase,2026-04-25 04:15:55
16,67,purchase,2026-04-25 04:15:55
16,64,purchase,2026-04-25 04:15:55
14,9,purchase,2026-02-28 08:25:12
14,6,purchase,2026-02-28 08:25:12
23,23,purchase,2026-04-12 01:28:20
23,22,purchase,2026-04-12 01:28:20
23,52,purchase,2026-04-12 01:28:20
23,46,purchase,2026-04-12 01:28:20
23,49,purchase,2026-04-12 01:28:20
23,21,purchase,2026-04-12 01:28:20
17,24,purchase,2026-05-05 10:17:29
17,17,purchase,2026-05-05 10:17:29
17,64,purchase,2026-05-05 10:17:29
17,62,purchase,2026-05-05 10:17:29
17,54,purchase,2026-05-05 10:17:29
19,62,purchase,2026-04-18 22:31:15
19,66,purchase,2026-04-18 22:31:15
19,47,purchase,2026-04-18 22:31:15
19,20,purchase,2026-04-18 22:31:15
19,18,purchase,2026-04-18 22:31:15
19,49,purchase,2026-04-18 22:31:15
14,8,purchase,2026-02-27 05:04:08
14,63,purchase,2026-02-27 05:04:08
14,75,purchase,2026-02-27 05:04:08
14,22,purchase,2026-02-27 05:04:08
14,47,purchase,2026-02-27 05:04:08
3,23,purchase,2026-03-28 05:55:41
3,54,purchase,2026-03-28 05:55:41
3,19,purchase,2026-03-28 05:55:41
3,4,purchase,2026-03-28 05:55:41
3,11,purchase,2026-03-28 05:55:41
3,50,purchase,2026-03-28 05:55:41
3,69,purchase,2026-03-28 05:55:41
3,43,purchase,2026-03-28 05:55:41
24,22,purchase,2026-02-23 21:16:07
24,49,purchase,2026-02-23 21:16:07
24,53,purchase,2026-02-23 21:16:07
24,9,purchase,2026-02-23 21:16:07
24,69,purchase,2026-02-23 21:16:07
24,73,purchase,2026-02-23 21:16:07
24,45,purchase,2026-02-23 21:16:07
24,12,purchase,2026-02-23 21:16:07
24,66,purchase,2026-02-23 21:16:07
13,5,purchase,2026-05-03 23:01:49
13,68,purchase,2026-05-03 23:01:49
13,75,purchase,2026-05-03 23:01:49
13,8,purchase,2026-05-03 23:01:49
13,11,purchase,2026-05-03 23:01:49
14,15,purchase,2026-02-24 14:45:57
14,64,purchase,2026-02-24 14:45:57
14,45,purchase,2026-02-24 14:45:57
14,52,purchase,2026-02-24 14:45:57
14,74,purchase,2026-02-24 14:45:57
14,8,purchase,2026-02-24 14:45:57
14,23,purchase,2026-02-24 14:45:57
14,76,purchase,2026-02-24 14:45:57
14,67,purchase,2026-02-24 14:45:57
14,6,purchase,2026-03-11 22:16:05
14,7,purchase,2026-03-11 22:16:05
14,43,purchase,2026-03-11 22:16:05
14,66,purchase,2026-03-11 22:16:05
14,23,purchase,2026-03-11 22:16:05
14,55,purchase,2026-03-11 22:16:05
14,21,purchase,2026-03-11 22:16:05
14,25,purchase,2026-03-11 22:16:05
15,18,purchase,2026-03-28 04:32:42
15,73,purchase,2026-03-28 04:32:42
15,47,purchase,2026-03-28 04:32:42
15,27,purchase,2026-03-28 04:32:42
11,69,purchase,2026-02-25 23:01:48
11,68,purchase,2026-02-25 23:01:48
11,42,purchase,2026-02-25 23:01:48
11,70,purchase,2026-05-03 15:16:41
11,55,purchase,2026-05-03 15:16:41
11,43,purchase,2026-05-03 15:16:41
11,68,purchase,2026-05-03 15:16:41
11,51,purchase,2026-05-03 15:16:41
15,19,purchase,2026-05-03 22:09:56
15,10,purchase,2026-05-03 22:09:56
15,42,purchase,2026-05-03 22:09:56
2,12,purchase,2026-02-25 20:53:17
2,64,purchase,2026-02-25 20:53:17
2,73,purchase,2026-02-25 20:53:17
2,24,purchase,2026-02-25 20:53:17
2,19,purchase,2026-02-25 20:53:17
2,22,purchase,2026-02-25 20:53:17
2,69,purchase,2026-02-25 20:53:17
2,6,purchase,2026-02-25 20:53:17
14,25,purchase,2026-03-16 17:36:47
14,62,purchase,2026-03-16 17:36:47
14,17,purchase,2026-03-16 17:36:47
14,16,purchase,2026-03-16 17:36:47
12,7,purchase,2026-05-15 11:51:51
12,62,purchase,2026-05-15 11:51:51
12,13,purchase,2026-05-15 11:51:51
20,18,purchase,2026-03-31 23:03:23
20,26,purchase,2026-03-31 23:03:23
20,6,purchase,2026-03-31 23:03:23
